text,label
"Jinx's late game damage is completely overtuned right now. Her attack speed scaling with Pow-Pow combined with the new Kraken Slayer changes means she outdamages every other ADC by a significant margin past 3 items. Checked the stats on lolalytics — she has a 54.2% winrate in Platinum+ which is the highest among all marksmen.",analysis
"They need to just delete Yasuo from the game already. Every game I see him he's either useless or completely destroying everyone. There's no in between with that champion.",hot_take
"HOLY MOLY FAKER JUST 1V3ED THE ENTIRE ENEMY TEAM IN THE BARON PIT ARE YOU KIDDING ME",reaction
"Nautilus support is slept on in the current meta. His engage range with Dredge Line is longer than most people realize, and his passive root on first hit means he can lock down any assassin trying to dive your ADC. Pair him with a hypercarry like Jinx or Kog'Maw and you have one of the safest bot lane setups available.",analysis
"This patch is genuinely the worst state League has ever been in. I've been playing since season 3 and nothing compares to how bad it feels right now.",hot_take
"just got my first pentakill ever with Katarina I am literally shaking my hands won't stop",reaction
"Lethality Sion top is a legitimate strategy that most players dismiss too quickly. His Q damage with full lethality stack one-shots most squishies at 2 items, and his passive means he can still trade effectively even after dying. The key is building Serrated Dirk into Youmuu's first — the early lethality timing is what makes it work.",analysis
"Zed is the most overrated champion in the game. He looks flashy but any decent player can dodge his combos. He's just a noob stomper.",hot_take
"I genuinely cannot believe we just won that game. We were down 15 kills and somehow pulled off the reverse sweep. My heart is still pounding.",reaction
"The reason Soraka is strong right now isn't her healing numbers — it's the Moonstone Renewer interaction. With the item's passive triggering off her W heal, she's generating 40+ bonus healing per cast in a teamfight scenario. Her grievous wounds vulnerability is real but teams rarely have the gold to build antiheal on multiple champions.",analysis
"Morgana mid is just a free win if you know what you're doing. I don't understand why more people don't play it.",hot_take
"THEY JUST ANNOUNCED WORLDS IS COMING TO MY CITY I CANT BREATHE",reaction
"The shift toward durability items in the current meta has fundamentally changed how assassins need to be played. Pre-durability patch, Talon could reliably one-shot a squishy target at 2 items. Now the same build requires 3 completed items and a lead to achieve the same result, which means the champion needs to snowball harder in the early game to remain relevant.",analysis
"Teemo is genuinely the most annoying champion ever designed and I will die on this hill.",hot_take
"just hit Diamond for the first time after 4 years of playing this game. I'm crying real tears right now",reaction
"Grasp of the Undying is significantly undervalued on Malphite compared to Aftershock. The healing from Grasp helps him survive early lane poke, and the bonus damage stacks meaningfully into the mid game. Aftershock's resistances are valuable but the short duration means it doesn't provide the sustained durability that Malphite needs in extended trades.",analysis
"Support mains are the most underappreciated players in the game and everyone knows it but won't admit it.",hot_take
"the moment when Garen hit that perfectly timed Demacian Justice on the fed Teemo and our entire team just exploded in voice chat lmaooo",reaction
"Predator Hecarim jungle is statistically the fastest clear in the game right now. His E passive provides enough sustain to skip the first back entirely, and Predator's activation perfectly lines up with his Q dash timing for a gank that most laners simply cannot react to in time.",analysis
"Lee Sin is a skill issue champion. If you're losing on Lee Sin it's because you're not good enough. Simple as that.",hot_take
"I have never been so stressed watching a professional League game in my entire life. That last teamfight made me stand up from my chair",reaction
"The reason top lane feels so impactful right now comes down to the Rift Herald changes. First Herald spawning earlier means a coordinated top laner and jungler can translate a lane lead into a tower before 14 minutes, creating a gold deficit that's very difficult for the enemy team to recover from.",analysis
"Riot has no idea how to balance mages. They've been broken or useless for 3 seasons straight with no middle ground.",hot_take
"my duo partner just got their promos to Masters and I'm more excited for them than I've ever been for my own ranked achievements",reaction
"Bramble Vest timing is the single most important defensive purchase decision for tanks in the current meta. Building it before your first major item delays your powerspike but makes you significantly harder to kill during the period when most assassins and bruisers are at their strongest. The math on mirrored damage versus delayed HP is actually quite favorable before 20 minutes.",analysis
"Jungle diff is the biggest cope in this game. Bad laners always blame the jungler when they lost their own lane.",hot_take
"GAREN JUST KILLED THE ENEMY NEXUS FROM ACROSS THE MAP WITH DEMACIAN JUSTICE NO WAY",reaction
"Seraphine support outperforms Sona in almost every measurable metric right now. Her poke with E forces more summoner spells, her passive chord mechanic provides more reliable CC than Sona's crescendo in chaotic teamfights, and her ultimate's range advantage in 5v5 scenarios is significant enough to swing fights that Sona would lose.",analysis
"Every single ADC main is in complete denial about how easy the role is. You just point and click and do damage.",hot_take
"just watched my favorite pro player announce their retirement and I genuinely feel like I lost a friend",reaction
"The optimal Twisted Fate build path has shifted significantly with the item rework. Rod of Ages rush is no longer correct — the leveling time required means you're underpowered during the critical mid-game window between 15-25 minutes. Luden's Tempest first provides better roaming potential which synergizes directly with his ultimate.",analysis
"Thresh is the best champion ever designed in the history of this game and nothing comes close.",hot_take
"when your team actually listens to your calls and executes the baron steal perfectly the feeling is indescribable",reaction
"Electrocute versus Dark Harvest on Katarina comes down to game length expectations. Electrocute provides more reliable burst in shorter games where you need to snowball before the enemy team groups. Dark Harvest scales better past 25 minutes and is superior in games where you expect extended teamfighting. Current queue times and match lengths favor Dark Harvest by a small margin.",analysis
"Mid laners who can't roam should just play bot lane instead. Roaming is literally the entire point of the role.",hot_take
"I just came back from a 5 game losing streak with a perfect game on Lux where I didn't die once. I needed that so badly.",reaction
"The reason tanky junglers outperform carry junglers in solo queue right now is objective control, not teamfighting. Champions like Zac and Amumu can contest dragons and barons more reliably because they absorb more damage during the objective fight. The win condition isn't carrying — it's making sure your team gets every neutral objective.",analysis
"Azir players only play him because they want people to think they're smart. Nobody actually enjoys playing that champion.",hot_take
"RANKED RESET JUST HIT AND I HAVE NO IDEA WHERE I'M PLACING AND I AM TERRIFIED",reaction
"Bard's strength in the current meta is directly tied to his roaming pattern rather than his lane presence. His chime collection scales his melee damage and movement speed throughout the game, meaning a Bard who prioritizes chimes over staying in lane provides more long-term value than his lane statistics suggest. Most players evaluate him on assist numbers alone which undercounts his actual contribution.",analysis
"Anyone who thinks League is just a casual game has never played ranked and it shows.",hot_take
"the feeling when you hit your skill shot on the first try in a clutch situation is genuinely better than most things in real life",reaction
"Veigar's winrate increases significantly with game length. At 20 minutes his winrate sits at roughly 48% but by 35 minutes it climbs above 54% in high elo. This isn't just about stacks — it's about his ability to one-shot targets in late game teamfights creating permanent numerical advantages that compound over time.",analysis
"Jungle is the hardest role in the game and if you disagree you've never played it seriously.",hot_take
"just unlocked my favorite skin after saving up for 3 months and I genuinely feel happy right now",reaction
"The current iteration of Conqueror is overtuned for sustained fighters compared to its value for burst champions. Champions like Fiora and Camille who can stack it quickly in a duel gain up to 15% amplified healing in extended trades, which exceeds what Grasp provides in the same scenarios while also stacking a damage buff simultaneously.",analysis
"One-trick players are just afraid of learning the game properly. Playing 1000 games on one champion doesn't make you good.",hot_take
"watching T1 win that game from a seemingly impossible position reminded me why I fell in love with this game in the first place",reaction
"Lethality stacking on Pantheon support provides genuine burst that most bot lanes can't deal with in lane. At 2 items he one-shots supports with low base health, and his E block passive still provides defensive value even in a damage-focused build. The playstyle requires hitting W stun consistently but the reward is disproportionate to the setup required.",analysis
"People who surrender at 20 every game should be banned. You're ruining the game for everyone else.",hot_take
"I just hit my 1000th game on my main champion and somehow I'm still finding new things to learn about them",reaction
"The reason Mundo top is performing above expectations this patch is his grievous wounds resistance. His R provides enough self-healing to outpace one source of grievous wounds, meaning the counterplay that was reliable last patch is less effective now. Teams need to build two sources of antiheal to reliably stop his regeneration in a fight.",analysis
"Supports who don't ward are the reason I'm hardstuck and I'm tired of pretending otherwise.",hot_take
"MY TEAM JUST ATE THE ENTIRE ENEMY TEAM WITH AMUMU ULTIMATE IN THE PIT THAT WAS PERFECTLY EXECUTED",reaction
"The Demolish rune provides more value than most top laners realize on split-push champions. The average turret plate is worth 175 gold, and Demolish procs can realistically add 500-700 gold in tower plate gold across a standard game. This is comparable to the gold value of taking an extra kill, which means the rune effectively converts lane pressure into economic advantage.",analysis
"Rengar mains are the most toxic players in the entire game. It's not even close.",hot_take
"just played the most intense ranked game of my life and my hands are still shaking twenty minutes later",reaction
"The reason support-jungle synergy champions like Nami and Hecarim or Lulu and Viego are picked together in coordinated play is the consistent cascade effect. Nami's E empowerment on Hecarim's charge adds a slow that extends the CC window, and Lulu's polymorph plus Viego's E combo creates a two-hit kill on most carries. The interaction is precise enough to be practiced but forgiving enough to execute in live games.",analysis
"Riot only nerfs champions when Korean pros abuse them. Western players are just beta testers.",hot_take
"the way my team just grouped for baron without me saying a word after weeks of them ignoring all my calls... growth",reaction
"Fleet Footwork on Ezreal allows him to sustain through aggressive lane matchups that would otherwise force him to back or play passively. The healing scales with AD meaning it becomes progressively more valuable as his build completes. Most coaching resources recommend Phase Rush but the actual in-game data suggests Fleet is slightly superior in the current ADC item landscape.",analysis
"Champions with dashes should not be allowed to also have point and click CC. Pick one.",hot_take
"just got honored by all 4 teammates after the game and honestly that meant more to me than the win itself",reaction
"Urgot's win condition against tanks is surprisingly precise. His W passive reduces armor by 35% on each bite, which means he effectively has built-in armor penetration that stacks with his Cleaver purchases. Against a 200-armor tank he deals roughly 40% more damage than his tooltip suggests, which is why he remains a credible answer to tanky top laners despite having average base damage.",analysis
"Anyone still playing Ryze at this point is just trolling their team. The champion is fundamentally broken by design.",hot_take
"the rush of emotions when you finally beat your placement games after a terrible start to the season is unreal",reaction
"Nilah ADC is specifically strong against champions who rely on healing to sustain through trades. Her passive reduces incoming healing and shields which is relevant in bot lanes that feature Soraka, Yuumi, or Shield Bow users. Her lack of range makes her awkward in longer lanes but she has a meaningful statistical advantage in matchups where sustain is the primary winning condition.",analysis
"If you're hardstuck Gold you don't deserve a Gold border. That's just the truth.",hot_take
"I just clutched a 1v4 on my smurf account and remembered what it feels like to actually be confident in this game",reaction
"The timing window for Zoe's E sleep combo is more forgiving than most counterplay guides suggest. The bubble travels at a predictable speed, and the delay before sleep activates is 0.65 seconds — enough to flash or use a dash ability if you react immediately. However, most players fail this because they try to move rather than using a dash, which has a shorter input window.",analysis
"Smurfing should be a permanent ban offense. No exceptions. Zero tolerance.",hot_take
"watching my favorite team lose in the semifinals when they were the clear best team all year is a kind of pain I wouldn't wish on anyone",reaction
"The reason Seraphine fell out of favor in high elo support after her initial release is scaling. Her lane phase is strong but her teamfight contribution requires allies to be within range of her auras, which becomes harder to guarantee in solo queue where positioning is less coordinated. She remains viable but requires more team-specific setup than her winrate suggests.",analysis
"ADC mains who complain about assassins need to learn to position better. That's literally the entire skill expression of the role.",hot_take
"I just won my first game after a 9-game losing streak and I'm going to cry I'm so relieved",reaction
"The Lethal Tempo keystone performs better on on-hit champions than raw damage marksmen. For Vayne specifically, the attack speed amplification triggers Silver Bolts faster, meaning her true damage output per second is higher than what pure damage keystones provide despite Lethal Tempo's lower tooltip numbers. The compounding interaction with her passive is why she consistently outperforms in late game scenarios.",analysis
"Anyone who says the game isn't pay to win has never tried to play ranked without meta-relevant champions.",hot_take
"THAT DIVE FROM THE JUNGLE AT EXACTLY 1 HP WITH THE SMITE STEAL ON BARON I SCREAMED",reaction
"Malzahar's main strength isn't his ultimate — it's his ability to set up the ultimate through Q silence and E voidlings. The most effective Malzahar players use E to push the wave quickly, creating a consistent pattern where the enemy laner is forced to choose between clearing the wave and avoiding the predicted pool placement.",analysis
"You're not a real League player if you've never played Ranked. ARAM doesn't count.",hot_take
"I just unlocked every champion in the game after 6 years and honestly I don't know what to do with myself",reaction
"Mordekaiser's effectiveness in the current patch is directly tied to his ability to proc Liandry's Anguish in the death realm. Isolated from external healing and with his passive activated, his burn damage compounds faster than most champions can self-sustain against. The matchup win condition is almost always about whether he can isolate one priority target.",analysis
"Players who build off-meta just want attention. There's a reason the pros don't build that.",hot_take
"the feeling when you predict the enemy jungler's exact path and counter-gank perfectly on the first try",reaction
"Tank Sion's value in the current meta comes from his ability to absorb multiple ultimates simultaneously. His passive combined with Warmog's passive means he effectively has two health bars in a prolonged teamfight. The common mistake is building him for damage — full tank Sion with Heartsteel provides more consistent value across all game states.",analysis
"Players who don't communicate in ranked deserve to lose. Buy a microphone or play ARAM.",hot_take
"just saw the craziest solo kill in professional play and I genuinely rewound it six times to make sure it was real",reaction
"The reason Karma support has maintained a consistent 52%+ winrate across five patches is her versatility in the poke and shield archetypes. She can realistically fulfill either role depending on matchup, which makes her harder to draft against than specialized supports. Her mana costs are low enough that she can sustain aggressive playstyles without backing frequently.",analysis
"The ranked system in this game is designed to keep you stuck. Riot profits from frustration.",hot_take
"just finished a 70 minute game and my brain is completely empty I have no words",reaction
"Cleanse is significantly underbuilt on ADC players in the current meta. In most high-diamond lobbies, the enemy team has at least one point-and-click CC ability that directly counters the ADC. The value of removing a single CC in a teamfight, when positioned correctly, often exceeds the value of the summoner you'd replace it with.",analysis
"Mid laners who take all the kills and then complain about lacking items are the most exhausting people to play with.",hot_take
"when you land a 5-man Orianna shockwave in ranked and your team doesn't even acknowledge it in chat",reaction
"The reason Camille is consistently strong against most top lane bruisers is her Hextech Ultimatum interaction with Goredrinker. Her ultimate isolates the target, and Goredrinker's active provides healing during the isolated duel that scales with missing health. At 40% HP she heals more in 3 seconds than most bruisers can deal in the same window.",analysis
"Support players who build damage items in ranked are trolling. Your job is to protect the carries.",hot_take
"just had a perfect teamfight where everyone hit their abilities simultaneously and we one-shot their entire team in under 2 seconds",reaction
"Lucian's synergy with Nami support is currently the highest-performing bot lane duo in Platinum and above according to recent patch data. Nami's E empowerment interacts with Lucian's passive, allowing him to proc double shots on empowered autos, creating a burst window in lane trades that most bot lanes can't match with equal gold.",analysis
"If your champion has a global ultimate you should be helping every single lane every single game no exceptions.",hot_take
"Watching the crowd reaction at Worlds when the underdog team won is one of the most emotional things I've ever seen at a sporting event",reaction
"The Predator rune on roaming supports like Pyke creates a gank timing that most mid laners cannot reliably counter. The burst of movement speed from Predator activation closes the gap before the target can react, and Pyke's hook range means he can initiate from a position that doesn't require flash. This makes the mid lane roam significantly more reliable than standard mobility patterns.",analysis
"Whoever designed the champion select dodge penalty has never been in a bad mental health state in their life.",hot_take
"I just carried my team from 0/5 down to a win and I felt every single emotion in the span of 45 minutes",reaction
"The reason Yone struggles in the current meta against tanks isn't his damage — it's his critical strike dependency. His Q scaling means he needs 60%+ crit to deal meaningful damage, but building crit means sacrificing the armor penetration items that would make him effective against the tanky frontlines he typically faces.",analysis
"Anyone who mains a champion with a point and click CC shouldn't be allowed to complain about getting killed by skillshots.",hot_take
"finding out your duo partner got their account banned right before your tournament qualifier is a unique kind of devastating",reaction
"Zilean support's value is almost entirely in his ultimate rather than his bombs. Teams that draft him primarily for his Q poke are misusing him — the correct evaluation is as an anti-engage tool and a safety net for their carry. His bomb combo requires setup but his ultimate has a 2 second cast time that can be pre-cast on the carry before a fight begins.",analysis
"If you flame your jungler before 10 minutes you have lost the mental and you're just playing to lose at that point.",hot_take
"the pure dopamine hit of a quadra kill turning into a penta with the last person at 50 HP across the map",reaction
"Void Grub stacking in the early game provides more tower pressure than most teams account for. Three Void Grubs reduce tower HP by 10%, which compounds with Demolish and Herald uses. A team that controls the first three Grubs and takes the first Herald can realistically take both mid lane towers before 20 minutes with normal execution.",analysis
"Challenger players who stream on low elo accounts for content are ruining the matchmaking for everyone in that elo.",hot_take
"when the game finally loads after a 40 minute queue and you realize you're against a smurf on the enemy team",reaction
"The reason support Blitzcrank fell out of professional play isn't his hook — it's his post-hook follow-through. In a coordinated professional setting, teams now position specifically to shield the hooked target within the reaction window. Solo queue remains viable because players can't execute the counter-positioning reliably enough.",analysis
"Junglers who don't gank before level 6 are AFK farming and deserve to be reported.",hot_take
"just hit the smoothest flash prediction of my career and I'm going to be thinking about it for the next three days",reaction
"Heimer turrets provide more vision value than most guides discuss. His Q placed in a brush effectively denies ward-free vision in that area for the enemy team, and in late game split-push scenarios his turrets act as a pseudo-Sweeper that reveals enemies approaching his side. This utility is separate from his damage and is undervalued in most evaluations of the champion.",analysis
"Every player who runs it down in ranked after losing their first game should have their account permanently suspended.",hot_take
"the mutual respect bow after a really clean 1v1 duel in lane with no ganks from either jungler is peak League of Legends",reaction
"Presence of Mind is consistently the best secondary rune for mana-dependent mid laners over Manaflow Band. The mana return on takedowns means it scales into the mid game where teamfights generate multiple assists simultaneously. Manaflow provides more reliable early game mana but its value drops off when the champion is no longer primarily relying on poke.",analysis
"Any champion added in the last three years is overloaded by design and that's just a fact.",hot_take
"I have never felt more alive than when I hit a blind Ezreal Q from across the map to secure a kill",reaction
"The reason Diana jungle was viable for a short period after her rework was her clear speed relative to her ganking threat. Her Q gives her three ranged autos for clear purposes, and her passive resets allowed her to clear camps faster than most mages. The meta shifted away from her when teams learned to play around her pre-6 vulnerability.",analysis
"Top lane is the most irrelevant role in the current meta and anyone who disagrees is just coping.",hot_take
"my entire team stayed to watch the victory screen together in voice chat and didn't say a word. we didn't have to.",reaction
"The interaction between Gwen's Hallowed Mist and her passive stacking means she functions differently against AD versus AP threats. Against AD champions her Mist is most valuable as a sustained trading tool that blocks their damage. Against AP threats her own passive tenacity and resistances are more relevant, meaning the Mist should be positioned for repositioning rather than damage mitigation.",analysis
"Players who ban their teammate's hover in champion select deserve everything that happens to them in that game.",hot_take
"watching a streamer hit Rank 1 on my server live after a 12-hour session and the whole chat going insane felt like being at a concert",reaction
"Mythic item efficiency for carries has shifted meaningfully since the durability patch. Kraken Slayer now provides the highest DPS against tanks across all marksman mythics when the enemy team has 2+ tank items. Trinity Force's Spellblade damage has become less reliable as targets are harder to burst, making it better on champions with consistent auto-attack patterns rather than burst windows.",analysis
"The game fundamentally changed when they added item components to the shop at base and everyone pretends it didn't.",hot_take
"the look on my opponent's face when they realize they've been respecting a bluff for the entire laning phase",reaction
"Gragas top is underplayed despite strong matchup data against the current popular bruisers. His E repositioning lets him dodge key skillshots from Fiora, Camille, and Irelia, and his passive healing means he sustains through short trades effectively. His winrate inflates slightly at lower elos due to the mechanical difficulty of his counters but he remains legitimately strong in most skill brackets.",analysis
"If you're below Diamond you shouldn't be giving other players macro advice. Period.",hot_take
"when you and your duo both go 20-0 in the same game and you just start laughing because nothing feels real",reaction
"Vex was specifically designed to counter the mobility-heavy meta that existed at her release. Her passive fear on champions with dashes was intended to punish the double-dash patterns that assassins like Zed, Talon, and Akali relied on. Her current state is slightly weaker because teams have adapted to her fear timing, but she still provides reliable counter-play to gap closers that most mages lack.",analysis
"People who flame in ranked and then put 'GG EZ' at the end have genuinely never experienced winning with grace.",hot_take
"I just got a message from someone I played with three years ago saying I was the reason they kept playing this game and I don't know what to do with that",reaction
"The reason Xerath support sees niche professional play is his ability to harass under tower without taking return damage. Most supports need to trade positioning to poke, but Xerath's Q range allows him to damage the enemy ADC while standing outside tower range. This creates a specific power window in the first 10 minutes where the bot lane can fall behind in CS while taking significant HP damage.",analysis
"Tank players who complain about true damage items deserve those items. Build different.",hot_take
"just came back to this game after a 2-year break and the first ranked game I played I remembered exactly why I loved it and exactly why I quit",reaction
"Sett's W damage ceiling against opponents with high max HP is one of the highest in the game in an isolated duel. Against a 4000 HP tank he deals roughly 700 true damage with a full grit stack W, which is more reliable burst than most assassins can deal in the same scenario. The counterplay is avoiding extended trades, which requires playing around his grit passive animation.",analysis
"Riot balances around professional play and completely ignores solo queue and I'm done pretending that's okay.",hot_take
"when you hit a 5-person Amumu ultimate in ranked and your team actually follows up perfectly without being asked",reaction
"The shift from Immortal Shieldbow to Galeforce as the dominant marksman mythic happened because of the durability patch. Shieldbow's shield value scales with max HP, which increased across the board, making the defensive passive less unique as a survival tool. Galeforce provides a repositioning tool that became more valuable as fights became longer and less about one-shot windows.",analysis
"If you play this game for more than 5 hours a day you need to examine your priorities not your MMR.",hot_take
"the chat after a perfectly executed baron bait play where everything went exactly according to plan is one of the best feelings in team games",reaction
"Cho'Gath's stacking mechanic provides a compounding advantage that most players underutilize. Each feast stack provides 80 true HP that scales with nothing — it's a flat advantage that can't be itemized against. A fully stacked Cho'Gath at 6 feasts has effectively 480 additional HP that doesn't appear in the item list, making him harder to burst than his item build alone suggests.",analysis
"Anyone who dodges promos because they're scared of losing LP is just admitting they don't belong in that rank.",hot_take
"when your favorite streamer finally wins the tournament they've been building toward for years and the entire community celebrates together",reaction
"Cassiopeia's lane strength is directly tied to her ability to maintain Twin Fang procs consistently. Her E has a 0.75 second cooldown on poisoned targets, which means in a 3-second trade she can deal 4 E hits on a poisoned opponent. Against champions without escapes this is enough sustained damage to win extended trades even at early levels without items.",analysis
"Supports who roam and leave their ADC alone to die are the most selfish players in the game.",hot_take
"I just played the best game of my League career and nobody was there to see it and somehow that makes it feel more real",reaction
"The reason Kayn's assassin form outperforms his tank form in solo queue despite lower professional representation is target selection flexibility. In solo queue, carries are more exposed due to inconsistent team positioning. Assassin Kayn can reach these isolated carries more reliably than in coordinated play where supports deliberately peel against dive threats.",analysis
"Players who hover Instalock champions in champion select and then complain about team comp deserve every loss they get.",hot_take
"watching the entire crowd at a LCS event go silent and then explode after that backdoor win is something I want to experience in person before I die",reaction
"Shaco jungle's effectiveness comes almost entirely from his first clear pattern. His boxes provide enough fear duration to execute the blue or red start without taking significant damage, and his invisible approach angle means laners can't predict his first gank direction. Teams that invest in level 1 vision control against Shaco significantly reduce his early game impact.",analysis
"The most delusional take I see constantly is that mechanics matter more than game sense. Game sense wins games. Mechanics just make it look pretty.",hot_take
"I just had a game where I went 0/10 and we still won because my team was incredible and I want to send them all a fruit basket",reaction
"Kindred's mark mechanic provides an objective-based scaling system that most players evaluate incorrectly. Each mark adds 75 range to her passive which is more impactful than the tooltip suggests — at 8 marks she effectively has ADC-tier range without building any range items. The marks also provide a psychological pressure component because the enemy team knows certain objectives are marked.",analysis
"If you're not watching VODs of your own games you're not actually trying to improve.",hot_take
"the way the entire enemy team went quiet in chat after we won a 25-minute backdoor they had no idea was coming",reaction
"The Frostfire Gauntlet on utility tanks like Leona and Nautilus provides more teamfight value than Sunfire Aegis in the current meta. The slow from Frostfire prevents targets from escaping CC chains, which extends the window for follow-up damage. Sunfire's damage is more consistent but requires staying in melee range for extended periods which isn't always possible in chaotic fights.",analysis
"Players who build full AP Sona in ranked are just refusing to contribute to the team. Pick a real damage champion.",hot_take
"I just played with someone who turned out to be a pro player's sibling and they were the most genuinely fun person I've ever played a game with",reaction
"The reason Poppy is specifically effective against Hecarim and Jarvan is her W interrupting their dashes. Most engage junglers rely on gap-closing abilities to initiate, and Poppy's W denial forces them to approach without their primary tool. This makes her a genuine hard counter rather than a soft matchup advantage — she removes the core win condition of those specific champions.",analysis
"Season 1 League of Legends was the peak of this game and everything since then has been a slow decline.",hot_take
"I just accidentally hit the single most impactful ability of the entire game at exactly the right time with my eyes half open and I need a moment",reaction
"Orianna's current mid lane strength is primarily a function of her safety rather than her damage. In a meta where assassins can one-shot mages easily, Orianna's ability to reposition her ball mid-fight means she can threaten damage while remaining out of burst range. Her shockwave is obvious enough that teams respect it, which paradoxically makes her positioning safer because teams don't commit to engage as freely.",analysis
"Anyone playing Nasus without splitting is trolling. You are a split pusher. That is the champion's entire identity.",hot_take
"finding out you won a community tournament you entered three weeks ago and forgot about is a very specific kind of joy",reaction
"The reason Wukong sees play in both jungle and top lane is his adaptability in the item system. Top lane Wukong builds Trinity Force for consistent Spellblade procs from his Q reset. Jungle Wukong builds Stridebreaker for the slow that sets up his clone's ability to chase. The champion's kit is flexible enough that the win condition adjusts to the role without fundamental changes to playstyle.",analysis
"People who play ranked on high ping and then complain about the game's balance deserve every loss.",hot_take
"the exact moment your ranked placement games end and you see your final rank for the first time every season is impossible to describe",reaction
"Lux support versus Lux mid have meaningfully different optimization points. Support Lux prioritizes Shard of True Ice for the additional shielding and gold generation, which changes her power spike timing. Mid Lux optimizes for Luden's Tempest to maximize roaming impact. The champion's kit is identical but the role-specific item path changes which abilities are the primary win condition.",analysis
"The current ranked system rewards consistency over peak performance and anyone who thinks that's bad doesn't understand competitive integrity.",hot_take
"when you come back to your favorite game after months away and it still feels like home the second the loading screen music hits",reaction
"Renekton's early game dominance is the most exploitable window in all of top lane currently. His level 2 power spike with Cull start allows him to win most all-in trades against champions who haven't reached their own power spike. The mistake most Renekton players make is not pressing this advantage hard enough between levels 3-6 before the opponent completes their first item.",analysis
"People who take breaks from ranked during their off-meta champion's bad patch and come back when it's buffed are the most unserious players.",hot_take
"I just spectated my friend's first ranked game and they played so well that I'm more proud of them than anything I've ever done in this game myself",reaction
"The Stopwatch item component provides more value in the current meta than its gold cost suggests. A properly timed Stopwatch can deny a single kill that would snowball a fed assassin, effectively trading 650 gold for denying 300 gold and preventing significant tempo loss. This is most valuable on squishy mid laners who are targeted first in ganks.",analysis
"Players who don't communicate in team games and then wonder why they're losing should just play single-player games.",hot_take
"I just learned my opponent in ranked is someone I played with in my very first game of League 7 years ago and neither of us can believe it",reaction
"Grasp of the Undying on Sion provides healing that compounds with his passive health stacking in a way that most players overlook. Each Grasp proc heals a percentage of his maximum HP, meaning as he stacks health through his passive, the heal per Grasp activation increases. A fully stacked late-game Sion heals more per Grasp proc than any other champion in the game.",analysis
"This game is designed to be addictive and anyone who doesn't acknowledge that is in denial.",hot_take
"when you're on a 10-game win streak and you genuinely can't remember what tilting feels like",reaction
"The reason Twitch jungle sees occasional play despite weak early clear is his power spike at first item completion. Runaan's Hurricane gives him the ability to proc his poison on multiple jungle camps simultaneously, which dramatically speeds his post-first-item clear. The gank threat from his invisible approach compensates for his weak pre-6 dueling.",analysis
"If you're hardstuck for more than 200 games at the same rank the game is not the problem.",hot_take
"watching your team execute a perfect ace and then immediately take baron and inhibitor without anyone saying a word in chat because everyone just knew",reaction
"Sylas's strength comes from his ultimate's flexibility rather than his own kit. Against teams with multiple powerful ultimates, Sylas effectively has access to a rotating selection of game-deciding abilities. His base damage is average, which means he's specifically strong when the enemy draft provides him high-value ultimates and specifically weak when it doesn't.",analysis
"People who say they're playing for fun and then check the post-game stats immediately are lying to themselves.",hot_take
"I've been playing this game since I was 14 and I'm now 22 and something about that makes me feel things I can't quite put into words",reaction
"Jhin's 4-shot passive creates a unique optimization problem compared to other ADCs. His fourth shot crits for guaranteed bonus damage, meaning the correct auto-attack pattern in a trade is always ending on the fourth shot. Most Jhin players don't consciously track their shot count which means they frequently end trades on shots 1-3 and leave the highest damage hit unused.",analysis
"The ranked experience in this game would be dramatically improved if duo queue was removed entirely from solo queue.",hot_take
"when you realize mid-game that you've completely outplayed the enemy jungler's pathing all game without them realizing it until it was too late",reaction
"Malphite's ultimate value in the current meta comes from its interaction with AP burst champions. As a hard engage with a 1.5 second airborne, it creates a window where multiple mages can land their full combo on airborne targets simultaneously. His own damage is irrelevant — his role is purely to guarantee the CC window for his team's damage.",analysis
"Players who play ranked without a main role and complain about their winrate have no one to blame but themselves.",hot_take
"the exact moment when you hit your promotional game for a rank you've been chasing all season and the lobby loads",reaction
"Twitch's transition from hypercarry to support-dependent carry happened because of how healing scales in the current meta. His rat-in-a-can passive poison doesn't interact with grievous wounds, meaning he deals his DoT damage regardless of the enemy's antiheal purchases. This gives him a reliable damage source against healing-heavy team compositions that most ADCs lose to.",analysis
"People who uninstall after losing promos and then come back two weeks later pretending it never happened are the backbone of this community.",hot_take
"I just played a perfect macro game where I never took a bad fight and won through pure objective control and it felt like solving a puzzle",reaction
"Kennen's strength in the current meta is his ability to apply his stun without committing to a close-range engage. His Q and W can stack marks from range, meaning he only needs to enter melee range for the final E activation. This makes him one of the safest AP bruisers against teams with strong engage because he doesn't need to be within kill range to initiate his own CC.",analysis
"Winning lane and losing the game is a skill issue at any elo above Gold and I'm tired of people pretending otherwise.",hot_take
